gtfs_dataset_source_record_id,littlepay_participant_id,elavon_customer_name
recysP9m9kjCJwHZe,mst,MST TAP TO RIDE
rectQfIeiKDBeJSAV,sbmtd,SANTA BARBARA MTD
recbzZQUIdMmFvm1r,sacrt,SACRT TAP TO RIDE
recLhUJUDjFXcmOte,clean-air-express,CLEAN AIR EXPRESS FARE
recIUAJZhamq51hyM,ccjpa,CAPITOL CORRIDOR TAP2RIDE
recGTiyx7VcxcUkRu,humboldt-transit-authority,HTA TAP TO PAY
rec7FygKkATPJZtFR,lake-transit-authority,LAKE TRANSIT AUTHORITY
recxvrgxNkScGIidy,mendocino-transit-authority,MENDOCINO TRANSIT AUTHORITY
recWJJ4dRk4lHXaWX,redwood-coast-transit,REDWOOD COAST TRANSIT AUTHORITY
recrxmzfLImgBGwUH,atn,ANAHEIM TRANSPORTATION NETWORK
