gtfs_dataset_source_record_id,organization_source_record_id,littlepay_participant_id,elavon_customer_name
recysP9m9kjCJwHZe,receZJ9sEnP9vy3g0,mst,MST TAP TO RIDE
rectQfIeiKDBeJSAV,recswCrw6a6htmXJ4,sbmtd,SANTA BARBARA MTD
recbzZQUIdMmFvm1r,recX9lccSE1jmjsmG,sacrt,SACRT TAP TO RIDE
recbzZQUIdMmFvm1r,recX9lccSE1jmjsmG,,SACRT MOBILE
recLhUJUDjFXcmOte,recBiunkSvSVhXa6J,clean-air-express,CLEAN AIR EXPRESS FARE
recIUAJZhamq51hyM,recvEBkSBc7UxlarC,ccjpa,CAPITOL CORRIDOR TAP2RIDE
recGTiyx7VcxcUkRu,recaa3naoNR4a5RsJ,humboldt-transit-authority,HTA TAP TO PAY
recGTiyx7VcxcUkRu,recaa3naoNR4a5RsJ,,HTA OFFICE SALES
recGTiyx7VcxcUkRu,recaa3naoNR4a5RsJ,,HTA PARATRANSIT
recGTiyx7VcxcUkRu,recaa3naoNR4a5RsJ,,HTA VIRTUAL
rec7FygKkATPJZtFR,recPwXKbGLL4aIqXV,lake-transit-authority,LAKE TRANSIT AUTHORITY
recxvrgxNkScGIidy,recpWBEjXzLHqCjhE,mendocino-transit-authority,MENDOCINO TRANSIT AUTHORITY
recxvrgxNkScGIidy,recpWBEjXzLHqCjhE,mendocino-transit-authority,MTA DIAL A RIDE
recGGy7HVkFGILMgO,recZgWVXkpix390of,,SAN JOAQUIN REGIONAL TRANSIT DIS
recWJJ4dRk4lHXaWX,recOnKhqF25crJt4q,redwood-coast-transit,REDWOOD COAST TRANSIT AUTHORITY
recWJJ4dRk4lHXaWX,recOnKhqF25crJt4q,,RCTA DIAL A RIDE
recrxmzfLImgBGwUH,recsrIZdx5Wt6n3ol,atn,ANAHEIM TRANSPORTATION NETWORK
