organization_source_record_id,agency_name,notes
recOZgevYf7Jimm9L,Alameda-Contra Costa Transit District,
recSBFiK95hJnJuYx,Amador Regional Transit System,
recKsb5FnJy70up78,Amtrak,
recsrIZdx5Wt6n3ol,Anaheim Transportation Network,
recxsWR0KRrQTdjmg,Antelope Valley Transit Authority,
recniaSbsXcRSLsWe,Basin Transit,
recf7l9tozKXOmqqZ,Butte County Association of Governments,
recFqVabH8109u70q,Calaveras Transit Agency,
recvEBkSBc7UxlarC,Capitol Corridor Joint Powers Authority,
recjnaKVDEgulsko3,Central Contra Costa Transit Authority,
recHWh5FXKdshWvgB,Chemehuevi Indian Tribe,
rechaapWbeffO33OX,City and County of San Francisco,
reczluQLW1y5oQqF8,City of Alameda,
recNaKvzVQhGX1puu,City of Alhambra,
recjaoK08lDmhjQga,City of Arcadia,
recaaoqEDvwhcmIVT,City of Arcata,
recC5MAOasVIbzpAV,City of Artesia,
recU2uRqDJL4SdI4E,City of Arvin,
rec2mqmTSs2fd2Ogc,City of Baldwin Park,
recuGkFhN2WXGK67H,City of Banning,
reciWrBgYsAIm9eKK,City of Beaumont,
reciHfF3NFpYwPhBd,City of Bell,
recupQmz2bSZtGWEa,City of Bell Gardens,
recwXqWJOQZMhdBbg,City of Bellflower,
rec6z2ivjTxc8Sag3,City of Burbank,
rec4bA4PXbqfUKosh,City of Calabasas,
recD4Vzt0EDC3VY7I,City of Camarillo,
recgsY5iTcDhjK0Ju,City of Carson,
recXYM27Lts8XF98x,City of Cerritos,
rec2JrGQTZZh54ieL,City of Clovis,
recd0hxcumVMausDU,City of Commerce,
recwTLLx2Qq4yzwWH,City of Compton,
recOkSEcrVmWdQ8e1,City of Corona,
reclU04qh7BD3tRBl,City of Covina,
recIiOJJeQRZQ2h9Z,City of Cudahy,
rec5ome04BbA9uf4y,City of Culver City,
receSouvQI31vHz4D,City of Dana Point,
recROsnN85RlZziSj,City of Delano,
rec21lizHh1D0uU00,City of Downey,
recZm8PD8WIdcDL0M,City of Duarte,
recoRzMb9zCV1Ta0x,City of El Monte,
rec7u9tpBitdht99C,City of El Segundo,
recaJnArpFEk5QooE,City of Elk Grove,
recNeVOEwWUtYe8xm,City of Escalon,
recynxkqEoo9dJEvw,City of Eureka,
recot6qBamlOoLcrM,City of Fairfield,
rec0bKUhHAajTNIlf,City of Fresno,
recX4nQfupRQf3xGD,City of Gardena,
recJk2sQrZAYUPMID,City of Glendale,
rec7RGXLkG2Wiu9Jk,City of Glendora,
rec0mPaKPAdemkyOV,City of Huntington Park,
receRQU9FvhlaYHky,City of Inglewood,
recK4si1uIoj6HfrO,City of Irvine,
reczHeS54sIl4NOcF,City of La Puente,
rec6Z3DnERm3OwFzw,City of Laguna Beach,
recj8LXdeSurpSRNU,City of Lawndale,
rec9sI67HygZotDqo,City of Lodi,
rec7ggteJZheTOceq,City of Lompoc,
rec4pgjrmdhCh4z01,City of Los Angeles,
rec0FfOvKIMZu1Qjs,City of Lynwood,
rec2DteW2sfmBJRsH,City of Madera,
rec8etsmgpnGTuigh,City of Manteca,
recV6WAkk4yeeVZLh,City of Maywood,
recohwwty1Jn4lnsb,City of Montebello,
reccAVEcMntkbh6aY,City of Monterey Park,
recojKzQsBzE1hjVu,City of Moorpark,
rec2nYLvujeMxCVJW,City of Needles,
recPkUZgzjCjk5GrV,City of Norwalk,
reckQmUdXUzHFmlVf,City of Ojai,
reczF5Y8R9CUJmfSy,City of Pasadena,
recUbGDXhPdx3494b,City of Petaluma,
rec43oyrfhtPDdRHj,City of Rancho Cordova,
recaUmi7EJdPiG067,City of Rio Vista,
reccEj7tecw0n60FO,City of Ripon,
recUdTq5QiUjJRiAe,City of Roseville,
recwtQ7m3C59jbnrc,City of San Clemente,
recA1biVMpq7hztxb,City of San Fernando,
recEHMkhVmzSWO9nZ,City of San Juan Capistrano,
recMM99msxjmc6PPv,City of San Luis Obispo,
recImm5SmW2zq9rMT,City of Santa Clarita,
rec9zGMJgNnes75K1,City of Santa Maria,
recJHFDLpGRMIFgnL,City of Santa Monica,
recsNvWvLQwGsoxlE,City of Santa Rosa,
rec1ErIn9gG1Isk5W,City of Simi Valley,
reckp33bhAuZlmO1M,City of Solvang,
recSOvT9EjtcLUUeE,City of South Gate,
recPtsCi89lKcXaTW,City of South San Francisco,
recPJULRJk1Yn824N,City of Thousand Oaks,
recdtVOFdFyypMSUL,City of Tracy,
recmQVsPDG6sLtD6j,City of Turlock,
recmB4uxrVLRXYF3L,City of Union City,
recdujao2F9Hga9Od,City of Vacaville,
rec6gNibVKjDVy4aX,City of Visalia,
recxlxkA0bYVEU3JM,City of West Covina,
rec2LbE0IBKBAkvQr,City of West Hollywood,
recRM3c9Zfaft4V2B,Cloverdale Transit,
reczvlrgxLUDiBgAy,Commute.org,
recn8zTmGbYZv1qxV,Dumbarton Bridge Regional Operations Consortium,
recEEJVeGrHGoTwgj,Eastern Contra Costa Transit Authority,
recRajLNJI206nnAr,Eastern Sierra Transit Authority,
recEDVdKwYUSkGBRd,El Dorado County Transit Authority,
recSqgaa8QiQ8CRjl,Foothill Transit,
rec3d3ltF8TijTaTx,Fresno County Rural Transit Agency,
rec0sMQyK2v8Cs4Io,Glenn County,
recS7GnKTcQVX20HE,Gold Coast Transit District,
recIh3vq8jwuuJlvL,Golden Empire Transit District,
recoX7qMhlPrgfuz3,"Golden Gate Bridge, Highway and Transportation District",
recaa3naoNR4a5RsJ,Humboldt Transit Authority,
rec38PbjPbEy2Tvdu,Imperial County Transportation Commission,
reczIiFqdL5AXTpm1,Kern County,
rec5MLJKrAgeM8f6H,Kings County Area Public Transit Agency,
recPwXKbGLL4aIqXV,Lake Transit Authority,
rec78KctfPkBZC5IJ,Lassen Transit Service Agency,
recANs4M9yDhvDyob,Livermore-Amador Valley Transit Authority,
rec00qSzZL8KqiXAo,Long Beach Transit,
rec860cgWfE3MaiHw,Los Angeles County,
recdLxGPqFmJLG21a,Los Angeles World Airports,
recWLwvtjXhiVWjKt,Madera County,
recNOb7pqBRlQVG5e,Marin County Transit District,
recpWBEjXzLHqCjhE,Mendocino Transit Authority,
rec5Q3mEXcHPpQ8bn,Modoc Transportation Agency,
receZJ9sEnP9vy3g0,Monterey-Salinas Transit,
recHbquam1bWEwC3P,Mountain Area Regional Transit Authority,
rec9RGrya9SjWYp2p,Napa Valley Transportation Authority,
reczUcQgqgtMpkpKC,Nevada County,
recRBcrX4ZvTyvSnm,North County Transit District,
recG5aXxDPI645S86,OmniTrans,
recfma7GNR5lQTTTg,Orange County Transportation Authority,
recQRoE5mcCn6kdti,POINT,
recGcv4NidDjwVSiN,Palo Verde Valley Transit Agency,
recO3X2ot0GH9a5sg,Palos Verdes Peninsula Transit Authority,
rec2ErIfztLMJ4rgG,Peninsula Corridor Joint Powers Board,
recDD2rnkl2m7IV8u,Placer County,
recsBfXgev9ICDCY1,Presidio Trust,
recI1fuNpr306H0hw,Redding Area Bus Authority,
recOnKhqF25crJt4q,Redwood Coast Transit Authority,
recYgajd92VLqio1p,Riverside Transit Agency,
recsrpnpj2oZXBvE6,Sacramento County,
recX9lccSE1jmjsmG,Sacramento Regional Transit District,
recvUNSLR7o56gsyl,San Benito County Local Transportation Authority,
recQp6uQAUFcenmQ6,San Bernardino County Transportation Authority,
recfbLFdDnCxgIfAB,San Diego International Airport,
recZALk4vysuoTVjF,San Diego Metropolitan Transit System,
recoQLeNRISCKF8I0,San Francisco Bay Area Rapid Transit District,
recmatCuQAUrNcs8j,San Francisco Bay Area Water Emergency Transit Authority,
recpgYVeU3VePMeWx,San Joaquin Regional Rail Commission,
recZgWVXkpix390of,San Joaquin Regional Transit District,
reciakGBN1DP9dK9N,San Luis Obispo Regional Transit Authority,
recw3mRsmKDTNnVlT,San Mateo County Transit District,
recBiunkSvSVhXa6J,Santa Barbara County Association of Governments,
recswCrw6a6htmXJ4,Santa Barbara Metropolitan Transit District,
recC5CT95EufmQCXr,Santa Clara Valley Transportation Authority,
recDFXyxaWQpiY4mw,Santa Cruz Metropolitan Transit District,
recBBqHJqX8xzj9P4,Siskiyou County,
reclLbvvKE1V4zsZg,Solano County Transit,
rec7ShjfgRPLU0yjY,Solano Transportation Authority,
recDupUxInMUgxeiz,Sonoma County,
recUmm4gcNXaqrwpn,Sonoma-Marin Area Rail Transit District,
rec7YtRySB7AsTfLw,Southern California Regional Rail Authority,
recSiaaMmBXW7fUZS,Stanislaus Regional Transit Authority,
recAsbHMwQWB7cri8,SunLine Transit Agency,
rec3u4aMplqObcoTR,Tahoe Transportation District,
reco3K1VuCBdGRhtV,Tahoe Truckee Area Regional Transportation,
recEtov4XTJZDjtuj,Tehama County,
recVSX7dwjxAb557T,Transit Joint Powers Authority for Merced County,
recK5xIowqx4sGVMT,Trinity County,
rec4YWVqVwJ9XqDbq,Tulare County Regional Transit Agency,
reclbzT9trIiGwjBB,Tuolumne County Transit Agency,
recS1JKEz73Hev8pJ,"University of California, Davis",
rec7EN71rsZxDFxZd,Ventura County Transportation Commission,
recJcXMNC5MUm2uDe,Victor Valley Transit Authority,
recIKnsnTdKQ0vsiv,Western Contra Costa Transit Authority,
recH2FdHvrL7nIpHA,Yolo County Transportation District,
recSEnsIk5ynuEF8D,Yosemite Area Regional Transportation System,
rech0BusKA17h0vuL,Yuba-Sutter Transit Authority,
reclW3IXkAAyivJtq,Yuma County Intergovernmental Public Transportation Authority,
rec4Vi2TfrtSAgp8i,Yurok Tribe,
